Sim_Time, Ref_Position, True_Position, Meas_Position, True_Velocity, Meas_Velocity, Control_Force, 
0.01, 1, 0, 0, 0.0316228, 0, 3.16228
0.02, 1, 0.000316228, 0, 0.0626131, 0, 3.16228
0.03, 1, 0.000942359, 0, 0.0929741, 0, 3.16228
0.04, 1, 0.0018721, 0, 0.122709, 0, 3.16228
0.05, 1, 0.00309919, 0, 0.151822, 0, 3.16228
0.06, 1, 0.00461741, 0, 0.180315, 0, 3.16228
0.07, 1, 0.00642056, 0, 0.208193, 0, 3.16228
0.08, 1, 0.00850249, 0, 0.235459, 0, 3.16228
0.09, 1, 0.0108571, 0, 0.262118, 0, 3.16228
0.1, 1, 0.0134783, 0, 0.288172, 0, 3.16228
0.11, 1, 0.01636, 0.0128364, 0.330918, 0.27445, 4.89133
0.12, 1, 0.0196692, 0.0128364, 0.372722, 0.27445, 4.89133
0.13, 1, 0.0233964, 0.0128364, 0.413591, 0.27445, 4.89133
0.14, 1, 0.0275323, 0.0128364, 0.453531, 0.27445, 4.89133
0.15, 1, 0.0320676, 0.0128364, 0.492547, 0.27445, 4.89133
0.16, 1, 0.0369931, 0.0128364, 0.530648, 0.27445, 4.89133
0.17, 1, 0.0422995, 0.0128364, 0.567838, 0.27445, 4.89133
0.18, 1, 0.0479779, 0.0128364, 0.604126, 0.27445, 4.89133
0.19, 1, 0.0540192, 0.0128364, 0.639517, 0.27445, 4.89133
0.2, 1, 0.0604144, 0.0128364, 0.67402, 0.27445, 4.89133
0.21, 1, 0.0671546, 0.0581487, 0.713392, 0.654993, 5.46648
0.22, 1, 0.0742885, 0.0581487, 0.751774, 0.654993, 5.46648
0.23, 1, 0.0818062, 0.0581487, 0.789175, 0.654993, 5.46648
0.24, 1, 0.089698, 0.0581487, 0.825602, 0.654993, 5.46648
0.25, 1, 0.097954, 0.0581487, 0.861064, 0.654993, 5.46648
0.26, 1, 0.106565, 0.0581487, 0.895568, 0.654993, 5.46648
0.27, 1, 0.11552, 0.0581487, 0.929125, 0.654993, 5.46648
0.28, 1, 0.124812, 0.0581487, 0.961742, 0.654993, 5.46648
0.29, 1, 0.134429, 0.0581487, 0.993427, 0.654993, 5.46648
0.3, 1, 0.144363, 0.0581487, 1.02419, 0.654993, 5.46648
0.31, 1, 0.154605, 0.140258, 1.05211, 1.00661, 5.2739
0.32, 1, 0.165126, 0.140258, 1.07917, 1.00661, 5.2739
0.33, 1, 0.175918, 0.140258, 1.10537, 1.00661, 5.2739
0.34, 1, 0.186972, 0.140258, 1.13073, 1.00661, 5.2739
0.35, 1, 0.198279, 0.140258, 1.15524, 1.00661, 5.2739
0.36, 1, 0.209832, 0.140258, 1.17893, 1.00661, 5.2739
0.37, 1, 0.221621, 0.140258, 1.2018, 1.00661, 5.2739
0.38, 1, 0.233639, 0.140258, 1.22385, 1.00661, 5.2739
0.39, 1, 0.245877, 0.140258, 1.2451, 1.00661, 5.2739
0.4, 1, 0.258328, 0.140258, 1.26556, 1.00661, 5.2739
0.41, 1, 0.270984, 0.252706, 1.27904, 1.25323, 4.65342
0.42, 1, 0.283774, 0.252706, 1.29186, 1.25323, 4.65342
0.43, 1, 0.296693, 0.252706, 1.30404, 1.25323, 4.65342
0.44, 1, 0.309733, 0.252706, 1.3156, 1.25323, 4.65342
0.45, 1, 0.322889, 0.252706, 1.32653, 1.25323, 4.65342
0.46, 1, 0.336155, 0.252706, 1.33684, 1.25323, 4.65342
0.47, 1, 0.349523, 0.252706, 1.34656, 1.25323, 4.65342
0.48, 1, 0.362989, 0.252706, 1.35567, 1.25323, 4.65342
0.49, 1, 0.376545, 0.252706, 1.3642, 1.25323, 4.65342
0.5, 1, 0.390187, 0.252706, 1.37216, 1.25323, 4.65342
0.51, 1, 0.403909, 0.383641, 1.37172, 1.3665, 3.87119
0.52, 1, 0.417626, 0.383641, 1.37088, 1.3665, 3.87119
0.53, 1, 0.431335, 0.383641, 1.36965, 1.3665, 3.87119
0.54, 1, 0.445031, 0.383641, 1.36803, 1.3665, 3.87119
0.55, 1, 0.458712, 0.383641, 1.36603, 1.3665, 3.87119
0.56, 1, 0.472372, 0.383641, 1.36366, 1.3665, 3.87119
0.57, 1, 0.486009, 0.383641, 1.36092, 1.3665, 3.87119
0.58, 1, 0.499618, 0.383641, 1.35784, 1.3665, 3.87119
0.59, 1, 0.513196, 0.383641, 1.3544, 1.3665, 3.87119
0.6, 1, 0.52674, 0.383641, 1.35063, 1.3665, 3.87119
0.61, 1, 0.540246, 0.519926, 1.33896, 1.35139, 3.11448
0.62, 1, 0.553636, 0.519926, 1.32712, 1.35139, 3.11448
0.63, 1, 0.566907, 0.519926, 1.31511, 1.35139, 3.11448
0.64, 1, 0.580058, 0.519926, 1.30295, 1.35139, 3.11448
0.65, 1, 0.593088, 0.519926, 1.29063, 1.35139, 3.11448
0.66, 1, 0.605994, 0.519926, 1.27817, 1.35139, 3.11448
0.67, 1, 0.618776, 0.519926, 1.26557, 1.35139, 3.11448
0.68, 1, 0.631432, 0.519926, 1.25284, 1.35139, 3.11448
0.69, 1, 0.64396, 0.519926, 1.23999, 1.35139, 3.11448
0.7, 1, 0.65636, 0.519926, 1.22701, 1.35139, 3.11448
0.71, 1, 0.66863, 0.649863, 1.20776, 1.23294, 2.49724
0.72, 1, 0.680708, 0.649863, 1.18851, 1.23294, 2.49724
0.73, 1, 0.692593, 0.649863, 1.1693, 1.23294, 2.49724
0.74, 1, 0.704286, 0.649863, 1.1501, 1.23294, 2.49724
0.75, 1, 0.715787, 0.649863, 1.13095, 1.23294, 2.49724
0.76, 1, 0.727096, 0.649863, 1.11183, 1.23294, 2.49724
0.77, 1, 0.738215, 0.649863, 1.09275, 1.23294, 2.49724
0.78, 1, 0.749142, 0.649863, 1.07372, 1.23294, 2.49724
0.79, 1, 0.759879, 0.649863, 1.05474, 1.23294, 2.49724
0.8, 1, 0.770427, 0.649863, 1.03582, 1.23294, 2.49724
0.81, 1, 0.780785, 0.764686, 1.01272, 1.04521, 2.07227
0.82, 1, 0.790912, 0.764686, 0.989763, 1.04521, 2.07227
0.83, 1, 0.80081, 0.764686, 0.966963, 1.04521, 2.07227
0.84, 1, 0.810479, 0.764686, 0.944322, 1.04521, 2.07227
0.85, 1, 0.819923, 0.764686, 0.921844, 1.04521, 2.07227
0.86, 1, 0.829141, 0.764686, 0.899532, 1.04521, 2.07227
0.87, 1, 0.838136, 0.764686, 0.87739, 1.04521, 2.07227
0.88, 1, 0.84691, 0.764686, 0.855421, 1.04521, 2.07227
0.89, 1, 0.855465, 0.764686, 0.833628, 1.04521, 2.07227
0.9, 1, 0.863801, 0.764686, 0.812014, 1.04521, 2.07227
0.91, 1, 0.871921, 0.859081, 0.788322, 0.823119, 1.84622
0.92, 1, 0.879804, 0.859081, 0.76486, 0.823119, 1.84622
0.93, 1, 0.887453, 0.859081, 0.741631, 0.823119, 1.84622
0.94, 1, 0.894869, 0.859081, 0.718637, 0.823119, 1.84622
0.95, 1, 0.902055, 0.859081, 0.69588, 0.823119, 1.84622
0.96, 1, 0.909014, 0.859081, 0.673363, 0.823119, 1.84622
0.97, 1, 0.915748, 0.859081, 0.651088, 0.823119, 1.84622
0.98, 1, 0.922259, 0.859081, 0.629056, 0.823119, 1.84622
0.99, 1, 0.928549, 0.859081, 0.607269, 0.823119, 1.84622
1, 1, 0.934622, 0.859081, 0.585729, 0.823119, 1.84622
1.01, 1, 0.940479, 0.931025, 0.563927, 0.597033, 1.7951
1.02, 1, 0.946119, 0.931025, 0.542385, 0.597033, 1.7951
1.03, 1, 0.951542, 0.931025, 0.521105, 0.597033, 1.7951
1.04, 1, 0.956753, 0.931025, 0.500088, 0.597033, 1.7951
1.05, 1, 0.961754, 0.931025, 0.479334, 0.597033, 1.7951
1.06, 1, 0.966548, 0.931025, 0.458846, 0.597033, 1.7951
1.07, 1, 0.971136, 0.931025, 0.438624, 0.597033, 1.7951
1.08, 1, 0.975522, 0.931025, 0.418668, 0.597033, 1.7951
1.09, 1, 0.979709, 0.931025, 0.39898, 0.597033, 1.7951
1.1, 1, 0.983699, 0.931025, 0.37956, 0.597033, 1.7951
1.11, 1, 0.987494, 0.981191, 0.36124, 0.389916, 1.87816
1.12, 1, 0.991107, 0.981191, 0.343172, 0.389916, 1.87816
1.13, 1, 0.994539, 0.981191, 0.325357, 0.389916, 1.87816
1.14, 1, 0.997792, 0.981191, 0.307795, 0.389916, 1.87816
1.15, 1, 1.00087, 0.981191, 0.290487, 0.389916, 1.87816
1.16, 1, 1.00377, 0.981191, 0.273432, 0.389916, 1.87816
1.17, 1, 1.00651, 0.981191, 0.256632, 0.389916, 1.87816
1.18, 1, 1.00908, 0.981191, 0.240086, 0.389916, 1.87816
1.19, 1, 1.01148, 0.981191, 0.223793, 0.389916, 1.87816
1.2, 1, 1.01371, 0.981191, 0.207755, 0.389916, 1.87816
1.21, 1, 1.01579, 1.01217, 0.193678, 0.216429, 2.04902
1.22, 1, 1.01773, 1.01217, 0.179821, 0.216429, 2.04902
1.23, 1, 1.01953, 1.01217, 0.166183, 0.216429, 2.04902
1.24, 1, 1.02119, 1.01217, 0.152764, 0.216429, 2.04902
1.25, 1, 1.02272, 1.01217, 0.139563, 0.216429, 2.04902
1.26, 1, 1.02411, 1.01217, 0.126581, 0.216429, 2.04902
1.27, 1, 1.02538, 1.01217, 0.113816, 0.216429, 2.04902
1.28, 1, 1.02652, 1.01217, 0.101269, 0.216429, 2.04902
1.29, 1, 1.02753, 1.01217, 0.0889381, 0.216429, 2.04902
1.3, 1, 1.02842, 1.01217, 0.0768237, 0.216429, 2.04902
1.31, 1, 1.02919, 1.02764, 0.067073, 0.0834716, 2.26383
1.32, 1, 1.02986, 1.02764, 0.0574942, 0.0834716, 2.26383
1.33, 1, 1.03043, 1.02764, 0.0480869, 0.0834716, 2.26383
1.34, 1, 1.03091, 1.02764, 0.0388505, 0.0834716, 2.26383
1.35, 1, 1.0313, 1.02764, 0.0297844, 0.0834716, 2.26383
1.36, 1, 1.0316, 1.02764, 0.020888, 0.0834716, 2.26383
1.37, 1, 1.03181, 1.02764, 0.0121605, 0.0834716, 2.26383
1.38, 1, 1.03193, 1.02764, 0.00360134, 0.0834716, 2.26383
1.39, 1, 1.03197, 1.02764, -0.0047903, 0.0834716, 2.26383
1.4, 1, 1.03192, 1.02764, -0.0130152, 0.0834716, 2.26383
1.41, 1, 1.03179, 1.03171, -0.0188506, -0.00842057, 2.48618
1.42, 1, 1.0316, 1.03171, -0.0245654, -0.00842057, 2.48618
1.43, 1, 1.03135, 1.03171, -0.0301602, -0.00842057, 2.48618
1.44, 1, 1.03105, 1.03171, -0.0356358, -0.00842057, 2.48618
1.45, 1, 1.0307, 1.03171, -0.0409928, -0.00842057, 2.48618
1.46, 1, 1.03029, 1.03171, -0.046232, -0.00842057, 2.48618
1.47, 1, 1.02982, 1.03171, -0.0513541, -0.00842057, 2.48618
1.48, 1, 1.02931, 1.03171, -0.0563599, -0.00842057, 2.48618
1.49, 1, 1.02875, 1.03171, -0.0612501, -0.00842057, 2.48618
1.5, 1, 1.02813, 1.03171, -0.0660257, -0.00842057, 2.48618
1.51, 1, 1.02747, 1.0283, -0.0686537, -0.0632826, 2.68955
1.52, 1, 1.02679, 1.0283, -0.0712093, -0.0632826, 2.68955
1.53, 1, 1.02607, 1.0283, -0.0736932, -0.0632826, 2.68955
1.54, 1, 1.02534, 1.0283, -0.076106, -0.0632826, 2.68955
1.55, 1, 1.02458, 1.0283, -0.0784485, -0.0632826, 2.68955
1.56, 1, 1.02379, 1.0283, -0.0807214, -0.0632826, 2.68955
1.57, 1, 1.02299, 1.0283, -0.0829252, -0.0632826, 2.68955
1.58, 1, 1.02216, 1.0283, -0.0850607, -0.0632826, 2.68955
1.59, 1, 1.02131, 1.0283, -0.0871287, -0.0632826, 2.68955
1.6, 1, 1.02043, 1.0283, -0.0891297, -0.0632826, 2.68955
1.61, 1, 1.01954, 1.02081, -0.0893846, -0.0878989, 2.85756
1.62, 1, 1.01865, 1.02081, -0.0896076, -0.0878989, 2.85756
1.63, 1, 1.01775, 1.02081, -0.0897993, -0.0878989, 2.85756
1.64, 1, 1.01685, 1.02081, -0.0899604, -0.0878989, 2.85756
1.65, 1, 1.01596, 1.02081, -0.0900912, -0.0878989, 2.85756
1.66, 1, 1.01505, 1.02081, -0.0901925, -0.0878989, 2.85756
1.67, 1, 1.01415, 1.02081, -0.0902647, -0.0878989, 2.85756
1.68, 1, 1.01325, 1.02081, -0.0903084, -0.0878989, 2.85756
1.69, 1, 1.01235, 1.02081, -0.0903242, -0.0878989, 2.85756
1.7, 1, 1.01144, 1.02081, -0.0903125, -0.0878989, 2.85756
1.71, 1, 1.01054, 1.01189, -0.0890207, -0.0901976, 2.98288
1.72, 1, 1.00965, 1.01189, -0.0877277, -0.0901976, 2.98288
1.73, 1, 1.00877, 1.01189, -0.0864338, -0.0901976, 2.98288
1.74, 1, 1.00791, 1.01189, -0.0851395, -0.0901976, 2.98288
1.75, 1, 1.00706, 1.01189, -0.0838451, -0.0901976, 2.98288
1.76, 1, 1.00622, 1.01189, -0.0825511, -0.0901976, 2.98288
1.77, 1, 1.00539, 1.01189, -0.0812578, -0.0901976, 2.98288
1.78, 1, 1.00458, 1.01189, -0.0799656, -0.0901976, 2.98288
1.79, 1, 1.00378, 1.01189, -0.0786749, -0.0901976, 2.98288
1.8, 1, 1.00299, 1.01189, -0.077386, -0.0901976, 2.98288
1.81, 1, 1.00222, 1.00342, -0.0752743, -0.0779961, 3.06538
1.82, 1, 1.00147, 1.00342, -0.0731817, -0.0779961, 3.06538
1.83, 1, 1.00074, 1.00342, -0.0711083, -0.0779961, 3.06538
1.84, 1, 1.00002, 1.00342, -0.0690544, -0.0779961, 3.06538
1.85, 1, 0.999334, 1.00342, -0.0670203, -0.0779961, 3.06538
1.86, 1, 0.998664, 1.00342, -0.0650062, -0.0779961, 3.06538
1.87, 1, 0.998014, 1.00342, -0.0630122, -0.0779961, 3.06538
1.88, 1, 0.997384, 1.00342, -0.0610386, -0.0779961, 3.06538
1.89, 1, 0.996773, 1.00342, -0.0590856, -0.0779961, 3.06538
1.9, 1, 0.996182, 1.00342, -0.0571533, -0.0779961, 3.06538
1.91, 1, 0.995611, 0.996527, -0.0547972, -0.0581458, 3.10985
1.92, 1, 0.995063, 0.996527, -0.052471, -0.0581458, 3.10985
1.93, 1, 0.994538, 0.996527, -0.050175, -0.0581458, 3.10985
1.94, 1, 0.994036, 0.996527, -0.0479091, -0.0581458, 3.10985
1.95, 1, 0.993557, 0.996527, -0.0456735, -0.0581458, 3.10985
1.96, 1, 0.993101, 0.996527, -0.0434682, -0.0581458, 3.10985
1.97, 1, 0.992666, 0.996527, -0.0412933, -0.0581458, 3.10985
1.98, 1, 0.992253, 0.996527, -0.0391489, -0.0581458, 3.10985
1.99, 1, 0.991861, 0.996527, -0.037035, -0.0581458, 3.10985
2, 1, 0.991491, 0.996527, -0.0349516, -0.0581458, 3.10985
2.01, 1, 0.991142, 0.991731, -0.0327576, -0.0360561, 3.12397
2.02, 1, 0.990814, 0.991731, -0.030597, -0.0360561, 3.12397
2.03, 1, 0.990508, 0.991731, -0.0284698, -0.0360561, 3.12397
2.04, 1, 0.990223, 0.991731, -0.0263759, -0.0360561, 3.12397
2.05, 1, 0.98996, 0.991731, -0.0243154, -0.0360561, 3.12397
2.06, 1, 0.989716, 0.991731, -0.0222881, -0.0360561, 3.12397
2.07, 1, 0.989494, 0.991731, -0.0202941, -0.0360561, 3.12397
2.08, 1, 0.989291, 0.991731, -0.0183333, -0.0360561, 3.12397
2.09, 1, 0.989107, 0.991731, -0.0164057, -0.0360561, 3.12397
2.1, 1, 0.988943, 0.991731, -0.0145111, -0.0360561, 3.12397
2.11, 1, 0.988798, 0.989076, -0.0127247, -0.015537, 3.11644
2.12, 1, 0.988671, 0.989076, -0.0109697, -0.015537, 3.11644
2.13, 1, 0.988561, 0.989076, -0.00924599, -0.015537, 3.11644
2.14, 1, 0.988469, 0.989076, -0.00755347, -0.015537, 3.11644
2.15, 1, 0.988393, 0.989076, -0.00589202, -0.015537, 3.11644
2.16, 1, 0.988334, 0.989076, -0.00426154, -0.015537, 3.11644
2.17, 1, 0.988292, 0.989076, -0.00266189, -0.015537, 3.11644
2.18, 1, 0.988265, 0.989076, -0.00109296, -0.015537, 3.11644
2.19, 1, 0.988254, 0.989076, 0.000445384, -0.015537, 3.11644
2.2, 1, 0.988259, 0.989076, 0.00195329, -0.015537, 3.11644
2.21, 1, 0.988278, 0.988297, 0.0032231, 0.00112042, 3.09566
2.22, 1, 0.98831, 0.988297, 0.00446693, 0.00112042, 3.09566
2.23, 1, 0.988355, 0.988297, 0.00568491, 0.00112042, 3.09566
2.24, 1, 0.988412, 0.988297, 0.0068772, 0.00112042, 3.09566
2.25, 1, 0.988481, 0.988297, 0.00804393, 0.00112042, 3.09566
2.26, 1, 0.988561, 0.988297, 0.00918527, 0.00112042, 3.09566
2.27, 1, 0.988653, 0.988297, 0.0103014, 0.00112042, 3.09566
2.28, 1, 0.988756, 0.988297, 0.0113924, 0.00112042, 3.09566
2.29, 1, 0.98887, 0.988297, 0.0124585, 0.00112042, 3.09566
2.3, 1, 0.988994, 0.988297, 0.0134999, 0.00112042, 3.09566
2.31, 1, 0.989129, 0.988961, 0.0142482, 0.0129104, 3.06882
2.32, 1, 0.989272, 0.988961, 0.0149775, 0.0129104, 3.06882
2.33, 1, 0.989422, 0.988961, 0.015688, 0.0129104, 3.06882
2.34, 1, 0.989579, 0.988961, 0.0163798, 0.0129104, 3.06882
2.35, 1, 0.989742, 0.988961, 0.017053, 0.0129104, 3.06882
2.36, 1, 0.989913, 0.988961, 0.0177078, 0.0129104, 3.06882
2.37, 1, 0.99009, 0.988961, 0.0183445, 0.0129104, 3.06882
2.38, 1, 0.990273, 0.988961, 0.0189631, 0.0129104, 3.06882
2.39, 1, 0.990463, 0.988961, 0.0195638, 0.0129104, 3.06882
2.4, 1, 0.990659, 0.988961, 0.0201468, 0.0129104, 3.06882
2.41, 1, 0.99086, 0.990578, 0.0204384, 0.0198022, 3.04143
2.42, 1, 0.991064, 0.990578, 0.020718, 0.0198022, 3.04143
2.43, 1, 0.991272, 0.990578, 0.020986, 0.0198022, 3.04143
2.44, 1, 0.991482, 0.990578, 0.0212424, 0.0198022, 3.04143
2.45, 1, 0.991694, 0.990578, 0.0214874, 0.0198022, 3.04143
2.46, 1, 0.991909, 0.990578, 0.0217211, 0.0198022, 3.04143
2.47, 1, 0.992126, 0.990578, 0.0219436, 0.0198022, 3.04143
2.48, 1, 0.992345, 0.990578, 0.0221552, 0.0198022, 3.04143
2.49, 1, 0.992567, 0.990578, 0.022356, 0.0198022, 3.04143
2.5, 1, 0.992791, 0.990578, 0.0225461, 0.0198022, 3.04143
2.51, 1, 0.993016, 0.992685, 0.0224837, 0.0224155, 3.01722
2.52, 1, 0.993241, 0.992685, 0.0224158, 0.0224155, 3.01722
2.53, 1, 0.993465, 0.992685, 0.0223424, 0.0224155, 3.01722
2.54, 1, 0.993688, 0.992685, 0.0222638, 0.0224155, 3.01722
2.55, 1, 0.993911, 0.992685, 0.0221801, 0.0224155, 3.01722
2.56, 1, 0.994133, 0.992685, 0.0220914, 0.0224155, 3.01722
2.57, 1, 0.994354, 0.992685, 0.0219978, 0.0224155, 3.01722
2.58, 1, 0.994574, 0.992685, 0.0218994, 0.0224155, 3.01722
2.59, 1, 0.994793, 0.992685, 0.0217964, 0.0224155, 3.01722
2.6, 1, 0.995011, 0.992685, 0.0216889, 0.0224155, 3.01722
2.61, 1, 0.995228, 0.9949, 0.0213877, 0.0217235, 2.99829
2.62, 1, 0.995442, 0.9949, 0.0210859, 0.0217235, 2.99829
2.63, 1, 0.995652, 0.9949, 0.0207838, 0.0217235, 2.99829
2.64, 1, 0.99586, 0.9949, 0.0204814, 0.0217235, 2.99829
2.65, 1, 0.996065, 0.9949, 0.0201789, 0.0217235, 2.99829
2.66, 1, 0.996267, 0.9949, 0.0198762, 0.0217235, 2.99829
2.67, 1, 0.996466, 0.9949, 0.0195735, 0.0217235, 2.99829
2.68, 1, 0.996661, 0.9949, 0.019271, 0.0217235, 2.99829
2.69, 1, 0.996854, 0.9949, 0.0189686, 0.0217235, 2.99829
2.7, 1, 0.997044, 0.9949, 0.0186664, 0.0217235, 2.99829
2.71, 1, 0.99723, 0.996942, 0.0182353, 0.018812, 2.98535
2.72, 1, 0.997413, 0.996942, 0.0178072, 0.018812, 2.98535
2.73, 1, 0.997591, 0.996942, 0.0173821, 0.018812, 2.98535
2.74, 1, 0.997765, 0.996942, 0.0169602, 0.018812, 2.98535
2.75, 1, 0.997934, 0.996942, 0.0165416, 0.018812, 2.98535
2.76, 1, 0.9981, 0.996942, 0.0161262, 0.018812, 2.98535
2.77, 1, 0.998261, 0.996942, 0.0157142, 0.018812, 2.98535
2.78, 1, 0.998418, 0.996942, 0.0153056, 0.018812, 2.98535
2.79, 1, 0.998571, 0.996942, 0.0149004, 0.018812, 2.98535
2.8, 1, 0.99872, 0.996942, 0.0144987, 0.018812, 2.98535
2.81, 1, 0.998865, 0.998635, 0.0140285, 0.0147041, 2.97814
2.82, 1, 0.999005, 0.998635, 0.0135634, 0.0147041, 2.97814
2.83, 1, 0.999141, 0.998635, 0.0131033, 0.0147041, 2.97814
2.84, 1, 0.999272, 0.998635, 0.0126484, 0.0147041, 2.97814
2.85, 1, 0.999399, 0.998635, 0.0121986, 0.0147041, 2.97814
2.86, 1, 0.999521, 0.998635, 0.011754, 0.0147041, 2.97814
2.87, 1, 0.999638, 0.998635, 0.0113147, 0.0147041, 2.97814
2.88, 1, 0.999751, 0.998635, 0.0108806, 0.0147041, 2.97814
2.89, 1, 0.99986, 0.998635, 0.0104518, 0.0147041, 2.97814
2.9, 1, 0.999965, 0.998635, 0.0100284, 0.0147041, 2.97814
2.91, 1, 1.00006, 0.999901, 0.00958626, 0.010251, 2.97574
2.92, 1, 1.00016, 0.999901, 0.00915001, 0.010251, 2.97574
2.93, 1, 1.00025, 0.999901, 0.0087196, 0.010251, 2.97574
2.94, 1, 1.00034, 0.999901, 0.00829506, 0.010251, 2.97574
2.95, 1, 1.00042, 0.999901, 0.00787639, 0.010251, 2.97574
2.96, 1, 1.0005, 0.999901, 0.00746361, 0.010251, 2.97574
2.97, 1, 1.00058, 0.999901, 0.00705672, 0.010251, 2.97574
2.98, 1, 1.00065, 0.999901, 0.00665572, 0.010251, 2.97574
2.99, 1, 1.00071, 0.999901, 0.00626064, 0.010251, 2.97574
3, 1, 1.00078, 0.999901, 0.00587145, 0.010251, 2.97574
3.01, 1, 1.00083, 1.00073, 0.00550021, 0.00608, 2.97695
3.02, 1, 1.00089, 1.00073, 0.00513464, 0.00608, 2.97695
3.03, 1, 1.00094, 1.00073, 0.00477472, 0.00608, 2.97695
3.04, 1, 1.00099, 1.00073, 0.00442047, 0.00608, 2.97695
3.05, 1, 1.00103, 1.00073, 0.00407186, 0.00608, 2.97695
3.06, 1, 1.00107, 1.00073, 0.00372891, 0.00608, 2.97695
3.07, 1, 1.00111, 1.00073, 0.00339159, 0.00608, 2.97695
3.08, 1, 1.00114, 1.00073, 0.0030599, 0.00608, 2.97695
3.09, 1, 1.00117, 1.00073, 0.00273382, 0.00608, 2.97695
3.1, 1, 1.0012, 1.00073, 0.00241335, 0.00608, 2.97695
3.11, 1, 1.00123, 1.00118, 0.00213372, 0.00258795, 2.98047
3.12, 1, 1.00125, 1.00118, 0.00185896, 0.00258795, 2.98047
3.13, 1, 1.00127, 1.00118, 0.00158905, 0.00258795, 2.98047
3.14, 1, 1.00128, 1.00118, 0.00132399, 0.00258795, 2.98047
3.15, 1, 1.0013, 1.00118, 0.00106375, 0.00258795, 2.98047
3.16, 1, 1.00131, 1.00118, 0.000808314, 0.00258795, 2.98047
3.17, 1, 1.00131, 1.00118, 0.000557671, 0.00258795, 2.98047
3.18, 1, 1.00132, 1.00118, 0.000311798, 0.00258795, 2.98047
3.19, 1, 1.00132, 1.00118, 7.06751e-05, 0.00258795, 2.98047
3.2, 1, 1.00132, 1.00118, -0.000165719, 0.00258795, 2.98047
3.21, 1, 1.00132, 1.00132, -0.000350506, -3.45917e-05, 2.98516
3.22, 1, 1.00132, 1.00132, -0.000531549, -3.45917e-05, 2.98516
3.23, 1, 1.00131, 1.00132, -0.000708865, -3.45917e-05, 2.98516
3.24, 1, 1.00131, 1.00132, -0.000882475, -3.45917e-05, 2.98516
3.25, 1, 1.0013, 1.00132, -0.0010524, -3.45917e-05, 2.98516
3.26, 1, 1.00129, 1.00132, -0.00121866, -3.45917e-05, 2.98516
3.27, 1, 1.00127, 1.00132, -0.00138128, -3.45917e-05, 2.98516
3.28, 1, 1.00126, 1.00132, -0.00154029, -3.45917e-05, 2.98516
3.29, 1, 1.00125, 1.00132, -0.0016957, -3.45917e-05, 2.98516
3.3, 1, 1.00123, 1.00132, -0.00184754, -3.45917e-05, 2.98516
3.31, 1, 1.00121, 1.00123, -0.0019466, -0.0017612, 2.99008
3.32, 1, 1.00119, 1.00123, -0.00204313, -0.0017612, 2.99008
3.33, 1, 1.00117, 1.00123, -0.00213714, -0.0017612, 2.99008
3.34, 1, 1.00115, 1.00123, -0.00222866, -0.0017612, 2.99008
3.35, 1, 1.00113, 1.00123, -0.0023177, -0.0017612, 2.99008
3.36, 1, 1.0011, 1.00123, -0.0024043, -0.0017612, 2.99008
3.37, 1, 1.00108, 1.00123, -0.00248847, -0.0017612, 2.99008
3.38, 1, 1.00105, 1.00123, -0.00257024, -0.0017612, 2.99008
3.39, 1, 1.00103, 1.00123, -0.00264962, -0.0017612, 2.99008
3.4, 1, 1.001, 1.00123, -0.00272665, -0.0017612, 2.99008
3.41, 1, 1.00097, 1.00101, -0.00275641, -0.00268068, 2.99458
3.42, 1, 1.00095, 1.00101, -0.00278476, -0.00268068, 2.99458
3.43, 1, 1.00092, 1.00101, -0.00281171, -0.00268068, 2.99458
3.44, 1, 1.00089, 1.00101, -0.00283729, -0.00268068, 2.99458
3.45, 1, 1.00086, 1.00101, -0.00286151, -0.00268068, 2.99458
3.46, 1, 1.00083, 1.00101, -0.0028844, -0.00268068, 2.99458
3.47, 1, 1.00081, 1.00101, -0.00290597, -0.00268068, 2.99458
3.48, 1, 1.00078, 1.00101, -0.00292625, -0.00268068, 2.99458
3.49, 1, 1.00075, 1.00101, -0.00294525, -0.00268068, 2.99458
3.5, 1, 1.00072, 1.00101, -0.00296299, -0.00268068, 2.99458
3.51, 1, 1.00069, 1.00073, -0.00294286, -0.00294955, 2.99824
3.52, 1, 1.00066, 1.00073, -0.00292224, -0.00294955, 2.99824
3.53, 1, 1.00063, 1.00073, -0.00290115, -0.00294955, 2.99824
3.54, 1, 1.0006, 1.00073, -0.0028796, -0.00294955, 2.99824
3.55, 1, 1.00057, 1.00073, -0.00285762, -0.00294955, 2.99824
3.56, 1, 1.00054, 1.00073, -0.00283521, -0.00294955, 2.99824
3.57, 1, 1.00051, 1.00073, -0.00281239, -0.00294955, 2.99824
3.58, 1, 1.00049, 1.00073, -0.00278918, -0.00294955, 2.99824
3.59, 1, 1.00046, 1.00073, -0.00276559, -0.00294955, 2.99824
3.6, 1, 1.00043, 1.00073, -0.00274163, -0.00294955, 2.99824
3.61, 1, 1.0004, 1.00045, -0.0026907, -0.00275153, 3.0009
3.62, 1, 1.00038, 1.00045, -0.00263996, -0.00275153, 3.0009
3.63, 1, 1.00035, 1.00045, -0.00258943, -0.00275153, 3.0009
3.64, 1, 1.00032, 1.00045, -0.00253911, -0.00275153, 3.0009
3.65, 1, 1.0003, 1.00045, -0.00248903, -0.00275153, 3.0009
3.66, 1, 1.00027, 1.00045, -0.00243919, -0.00275153, 3.0009
3.67, 1, 1.00025, 1.00045, -0.00238959, -0.00275153, 3.0009
3.68, 1, 1.00023, 1.00045, -0.00234026, -0.00275153, 3.0009
3.69, 1, 1.0002, 1.00045, -0.0022912, -0.00275153, 3.0009
3.7, 1, 1.00018, 1.00045, -0.00224241, -0.00275153, 3.0009
3.71, 1, 1.00016, 1.00019, -0.00217725, -0.00226666, 3.00257
3.72, 1, 1.00014, 1.00019, -0.00211271, -0.00226666, 3.00257
3.73, 1, 1.00011, 1.00019, -0.00204881, -0.00226666, 3.00257
3.74, 1, 1.00009, 1.00019, -0.00198556, -0.00226666, 3.00257
3.75, 1, 1.00007, 1.00019, -0.00192295, -0.00226666, 3.00257
3.76, 1, 1.00005, 1.00019, -0.00186101, -0.00226666, 3.00257
3.77, 1, 1.00004, 1.00019, -0.00179972, -0.00226666, 3.00257
3.78, 1, 1.00002, 1.00019, -0.0017391, -0.00226666, 3.00257
3.79, 1, 1, 1.00019, -0.00167916, -0.00226666, 3.00257
3.8, 1, 0.999984, 1.00019, -0.00161989, -0.00226666, 3.00257
3.81, 1, 0.999968, 0.999994, -0.00155335, -0.00165069, 3.00337
3.82, 1, 0.999952, 0.999994, -0.00148766, -0.00165069, 3.00337
3.83, 1, 0.999937, 0.999994, -0.00142282, -0.00165069, 3.00337
3.84, 1, 0.999923, 0.999994, -0.00135882, -0.00165069, 3.00337
3.85, 1, 0.999909, 0.999994, -0.00129568, -0.00165069, 3.00337
3.86, 1, 0.999896, 0.999994, -0.0012334, -0.00165069, 3.00337
3.87, 1, 0.999884, 0.999994, -0.00117197, -0.00165069, 3.00337
3.88, 1, 0.999872, 0.999994, -0.0011114, -0.00165069, 3.00337
3.89, 1, 0.999861, 0.999994, -0.00105169, -0.00165069, 3.00337
3.9, 1, 0.999851, 0.999994, -0.000992843, -0.00165069, 3.00337
3.91, 1, 0.999841, 0.999857, -0.000933735, -0.00102417, 3.00348
3.92, 1, 0.999831, 0.999857, -0.000875511, -0.00102417, 3.00348
3.93, 1, 0.999823, 0.999857, -0.000818171, -0.00102417, 3.00348
3.94, 1, 0.999814, 0.999857, -0.000761716, -0.00102417, 3.00348
3.95, 1, 0.999807, 0.999857, -0.000706144, -0.00102417, 3.00348
3.96, 1, 0.9998, 0.999857, -0.000651455, -0.00102417, 3.00348
3.97, 1, 0.999793, 0.999857, -0.000597648, -0.00102417, 3.00348
3.98, 1, 0.999787, 0.999857, -0.000544722, -0.00102417, 3.00348
3.99, 1, 0.999782, 0.999857, -0.000492675, -0.00102417, 3.00348
4, 1, 0.999777, 0.999857, -0.000441505, -0.00102417, 3.00348
4.01, 1, 0.999773, 0.999781, -0.000394812, -0.000469251, 3.00312
4.02, 1, 0.999769, 0.999781, -0.000348921, -0.000469251, 3.00312
4.03, 1, 0.999765, 0.999781, -0.000303829, -0.000469251, 3.00312
4.04, 1, 0.999762, 0.999781, -0.000259534, -0.000469251, 3.00312
4.05, 1, 0.999759, 0.999781, -0.000216034, -0.000469251, 3.00312
4.06, 1, 0.999757, 0.999781, -0.000173326, -0.000469251, 3.00312
4.07, 1, 0.999756, 0.999781, -0.000131408, -0.000469251, 3.00312
4.08, 1, 0.999754, 0.999781, -9.02757e-05, -0.000469251, 3.00312
4.09, 1, 0.999753, 0.999781, -4.99267e-05, -0.000469251, 3.00312
4.1, 1, 0.999753, 0.999781, -1.03577e-05, -0.000469251, 3.00312
4.11, 1, 0.999753, 0.999754, 2.21072e-05, -3.22097e-05, 3.00248
4.12, 1, 0.999753, 0.999754, 5.39259e-05, -3.22097e-05, 3.00248
4.13, 1, 0.999753, 0.999754, 8.51015e-05, -3.22097e-05, 3.00248
4.14, 1, 0.999754, 0.999754, 0.000115637, -3.22097e-05, 3.00248
4.15, 1, 0.999756, 0.999754, 0.000145537, -3.22097e-05, 3.00248
4.16, 1, 0.999757, 0.999754, 0.000174804, -3.22097e-05, 3.00248
4.17, 1, 0.999759, 0.999754, 0.000203442, -3.22097e-05, 3.00248
4.18, 1, 0.999761, 0.999754, 0.000231455, -3.22097e-05, 3.00248
4.19, 1, 0.999763, 0.999754, 0.000258847, -3.22097e-05, 3.00248
4.2, 1, 0.999766, 0.999754, 0.000285621, -3.22097e-05, 3.00248
4.21, 1, 0.999769, 0.999765, 0.000304405, 0.000270486, 3.00175
4.22, 1, 0.999772, 0.999765, 0.000322728, 0.000270486, 3.00175
4.23, 1, 0.999775, 0.999765, 0.000340593, 0.000270486, 3.00175
4.24, 1, 0.999778, 0.999765, 0.000358003, 0.000270486, 3.00175
4.25, 1, 0.999782, 0.999765, 0.000374964, 0.000270486, 3.00175
4.26, 1, 0.999786, 0.999765, 0.000391478, 0.000270486, 3.00175
4.27, 1, 0.999789, 0.999765, 0.000407549, 0.000270486, 3.00175
4.28, 1, 0.999793, 0.999765, 0.000423181, 0.000270486, 3.00175
4.29, 1, 0.999798, 0.999765, 0.000438378, 0.000270486, 3.00175
4.3, 1, 0.999802, 0.999765, 0.000453144, 0.000270486, 3.00175
4.31, 1, 0.999807, 0.9998, 0.000460315, 0.000444446, 3.00103
4.32, 1, 0.999811, 0.9998, 0.000467207, 0.000444446, 3.00103
4.33, 1, 0.999816, 0.9998, 0.000473823, 0.000444446, 3.00103
4.34, 1, 0.999821, 0.9998, 0.000480166, 0.000444446, 3.00103
4.35, 1, 0.999825, 0.9998, 0.000486241, 0.000444446, 3.00103
4.36, 1, 0.99983, 0.9998, 0.000492049, 0.000444446, 3.00103
4.37, 1, 0.999835, 0.9998, 0.000497596, 0.000444446, 3.00103
4.38, 1, 0.99984, 0.9998, 0.000502884, 0.000444446, 3.00103
4.39, 1, 0.999845, 0.9998, 0.000507918, 0.000444446, 3.00103
4.4, 1, 0.99985, 0.9998, 0.000512699, 0.000444446, 3.00103
4.41, 1, 0.999855, 0.999848, 0.000511095, 0.000509449, 3.00042
4.42, 1, 0.999861, 0.999848, 0.000509368, 0.000509449, 3.00042
4.43, 1, 0.999866, 0.999848, 0.000507523, 0.000509449, 3.00042
4.44, 1, 0.999871, 0.999848, 0.000505562, 0.000509449, 3.00042
4.45, 1, 0.999876, 0.999848, 0.000503488, 0.000509449, 3.00042
4.46, 1, 0.999881, 0.999848, 0.000501303, 0.000509449, 3.00042
4.47, 1, 0.999886, 0.999848, 0.000499012, 0.000509449, 3.00042
4.48, 1, 0.999891, 0.999848, 0.000496615, 0.000509449, 3.00042
4.49, 1, 0.999896, 0.999848, 0.000494117, 0.000509449, 3.00042
4.5, 1, 0.999901, 0.999848, 0.00049152, 0.000509449, 3.00042
4.51, 1, 0.999906, 0.999898, 0.000484145, 0.000492374, 2.99995
4.52, 1, 0.99991, 0.999898, 0.00047677, 0.000492374, 2.99995
4.53, 1, 0.999915, 0.999898, 0.000469397, 0.000492374, 2.99995
4.54, 1, 0.99992, 0.999898, 0.000462029, 0.000492374, 2.99995
4.55, 1, 0.999925, 0.999898, 0.000454667, 0.000492374, 2.99995
4.56, 1, 0.999929, 0.999898, 0.000447314, 0.000492374, 2.99995
4.57, 1, 0.999934, 0.999898, 0.000439971, 0.000492374, 2.99995
4.58, 1, 0.999938, 0.999898, 0.000432641, 0.000492374, 2.99995
4.59, 1, 0.999942, 0.999898, 0.000425326, 0.000492374, 2.99995
4.6, 1, 0.999947, 0.999898, 0.000418027, 0.000492374, 2.99995
4.61, 1, 0.999951, 0.999944, 0.000407629, 0.000421567, 2.99964
4.62, 1, 0.999955, 0.999944, 0.000397313, 0.000421567, 2.99964
4.63, 1, 0.999959, 0.999944, 0.000387081, 0.000421567, 2.99964
4.64, 1, 0.999963, 0.999944, 0.000376935, 0.000421567, 2.99964
4.65, 1, 0.999966, 0.999944, 0.000366876, 0.000421567, 2.99964
4.66, 1, 0.99997, 0.999944, 0.000356905, 0.000421567, 2.99964
4.67, 1, 0.999974, 0.999944, 0.000347023, 0.000421567, 2.99964
4.68, 1, 0.999977, 0.999944, 0.000337232, 0.000421567, 2.99964
4.69, 1, 0.999981, 0.999944, 0.000327532, 0.000421567, 2.99964
4.7, 1, 0.999984, 0.999944, 0.000317925, 0.000421567, 2.99964
4.71, 1, 0.999987, 0.999982, 0.000306738, 0.00032286, 2.99947
4.72, 1, 0.99999, 0.999982, 0.00029568, 0.00032286, 2.99947
4.73, 1, 0.999993, 0.999982, 0.00028475, 0.00032286, 2.99947
4.74, 1, 0.999996, 0.999982, 0.000273951, 0.00032286, 2.99947
4.75, 1, 0.999999, 0.999982, 0.000263282, 0.00032286, 2.99947
4.76, 1, 1, 0.999982, 0.000252744, 0.00032286, 2.99947
4.77, 1, 1, 0.999982, 0.000242338, 0.00032286, 2.99947
4.78, 1, 1.00001, 0.999982, 0.000232064, 0.00032286, 2.99947
4.79, 1, 1.00001, 0.999982, 0.000221923, 0.00032286, 2.99947
4.8, 1, 1.00001, 0.999982, 0.000211916, 0.00032286, 2.99947
4.81, 1, 1.00001, 1.00001, 0.000201552, 0.000217199, 2.99942
4.82, 1, 1.00001, 1.00001, 0.000191332, 0.000217199, 2.99942
4.83, 1, 1.00002, 1.00001, 0.000181255, 0.000217199, 2.99942
4.84, 1, 1.00002, 1.00001, 0.000171323, 0.000217199, 2.99942
4.85, 1, 1.00002, 1.00001, 0.000161535, 0.000217199, 2.99942
4.86, 1, 1.00002, 1.00001, 0.000151892, 0.000217199, 2.99942
4.87, 1, 1.00002, 1.00001, 0.000142393, 0.000217199, 2.99942
4.88, 1, 1.00002, 1.00001, 0.000133038, 0.000217199, 2.99942
4.89, 1, 1.00003, 1.00001, 0.000123828, 0.000217199, 2.99942
4.9, 1, 1.00003, 1.00001, 0.000114762, 0.000217199, 2.99942
4.91, 1, 1.00003, 1.00003, 0.000106213, 0.00011964, 2.99946
4.92, 1, 1.00003, 1.00003, 9.78006e-05, 0.00011964, 2.99946
4.93, 1, 1.00003, 1.00003, 8.95248e-05, 0.00011964, 2.99946
4.94, 1, 1.00003, 1.00003, 8.13851e-05, 0.00011964, 2.99946
4.95, 1, 1.00003, 1.00003, 7.33813e-05, 0.00011964, 2.99946
4.96, 1, 1.00003, 1.00003, 6.55133e-05, 0.00011964, 2.99946
4.97, 1, 1.00003, 1.00003, 5.77805e-05, 0.00011964, 2.99946
4.98, 1, 1.00003, 1.00003, 5.01828e-05, 0.00011964, 2.99946
4.99, 1, 1.00003, 1.00003, 4.27197e-05, 0.00011964, 2.99946
5, 1, 1.00004, 1.00003, 3.53908e-05, 0.00011964, 2.99946
5.01, 1, 1.00004, 1.00003, 2.91079e-05, 3.94026e-05, 2.99955
5.02, 1, 1.00004, 1.00003, 2.29402e-05, 3.94026e-05, 2.99955
5.03, 1, 1.00004, 1.00003, 1.6887e-05, 3.94026e-05, 2.99955
5.04, 1, 1.00004, 1.00003, 1.0948e-05, 3.94026e-05, 2.99955
5.05, 1, 1.00004, 1.00003, 5.12274e-06, 3.94026e-05, 2.99955
5.06, 1, 1.00004, 1.00003, -5.8931e-07, 3.94026e-05, 2.99955
5.07, 1, 1.00004, 1.00003, -6.18865e-06, 3.94026e-05, 2.99955
5.08, 1, 1.00004, 1.00003, -1.16758e-05, 3.94026e-05, 2.99955
5.09, 1, 1.00004, 1.00003, -1.70514e-05, 3.94026e-05, 2.99955
5.1, 1, 1.00004, 1.00003, -2.2316e-05, 3.94026e-05, 2.99955
5.11, 1, 1.00004, 1.00004, -2.63039e-05, -1.9377e-05, 2.99966
5.12, 1, 1.00004, 1.00004, -3.02053e-05, -1.9377e-05, 2.99966
5.13, 1, 1.00004, 1.00004, -3.40208e-05, -1.9377e-05, 2.99966
5.14, 1, 1.00003, 1.00004, -3.77509e-05, -1.9377e-05, 2.99966
5.15, 1, 1.00003, 1.00004, -4.13962e-05, -1.9377e-05, 2.99966
5.16, 1, 1.00003, 1.00004, -4.49573e-05, -1.9377e-05, 2.99966
5.17, 1, 1.00003, 1.00004, -4.84348e-05, -1.9377e-05, 2.99966
5.18, 1, 1.00003, 1.00004, -5.18292e-05, -1.9377e-05, 2.99966
5.19, 1, 1.00003, 1.00004, -5.51412e-05, -1.9377e-05, 2.99966
5.2, 1, 1.00003, 1.00004, -5.83714e-05, -1.9377e-05, 2.99966
5.21, 1, 1.00003, 1.00003, -6.03245e-05, -5.65145e-05, 2.99978
5.22, 1, 1.00003, 1.00003, -6.2221e-05, -5.65145e-05, 2.99978
5.23, 1, 1.00003, 1.00003, -6.40615e-05, -5.65145e-05, 2.99978
5.24, 1, 1.00003, 1.00003, -6.58466e-05, -5.65145e-05, 2.99978
5.25, 1, 1.00003, 1.00003, -6.75767e-05, -5.65145e-05, 2.99978
5.26, 1, 1.00003, 1.00003, -6.92524e-05, -5.65145e-05, 2.99978
5.27, 1, 1.00003, 1.00003, -7.08744e-05, -5.65145e-05, 2.99978
5.28, 1, 1.00003, 1.00003, -7.24431e-05, -5.65145e-05, 2.99978
5.29, 1, 1.00003, 1.00003, -7.39592e-05, -5.65145e-05, 2.99978
5.3, 1, 1.00003, 1.00003, -7.54233e-05, -5.65145e-05, 2.99978
5.31, 1, 1.00002, 1.00003, -7.57657e-05, -7.45229e-05, 2.99989
5.32, 1, 1.00002, 1.00003, -7.60786e-05, -7.45229e-05, 2.99989
5.33, 1, 1.00002, 1.00003, -7.63626e-05, -7.45229e-05, 2.99989
5.34, 1, 1.00002, 1.00003, -7.6618e-05, -7.45229e-05, 2.99989
5.35, 1, 1.00002, 1.00003, -7.68455e-05, -7.45229e-05, 2.99989
5.36, 1, 1.00002, 1.00003, -7.70454e-05, -7.45229e-05, 2.99989
5.37, 1, 1.00002, 1.00003, -7.72182e-05, -7.45229e-05, 2.99989
5.38, 1, 1.00002, 1.00003, -7.73645e-05, -7.45229e-05, 2.99989
5.39, 1, 1.00002, 1.00003, -7.74847e-05, -7.45229e-05, 2.99989
5.4, 1, 1.00002, 1.00003, -7.75793e-05, -7.45229e-05, 2.99989
5.41, 1, 1.00002, 1.00002, -7.67942e-05, -7.74337e-05, 2.99998
5.42, 1, 1.00002, 1.00002, -7.60015e-05, -7.74337e-05, 2.99998
5.43, 1, 1.00002, 1.00002, -7.52016e-05, -7.74337e-05, 2.99998
5.44, 1, 1.00001, 1.00002, -7.4395e-05, -7.74337e-05, 2.99998
5.45, 1, 1.00001, 1.00002, -7.35819e-05, -7.74337e-05, 2.99998
5.46, 1, 1.00001, 1.00002, -7.27627e-05, -7.74337e-05, 2.99998
5.47, 1, 1.00001, 1.00002, -7.19379e-05, -7.74337e-05, 2.99998
5.48, 1, 1.00001, 1.00002, -7.11077e-05, -7.74337e-05, 2.99998
5.49, 1, 1.00001, 1.00002, -7.02726e-05, -7.74337e-05, 2.99998
5.5, 1, 1.00001, 1.00002, -6.94328e-05, -7.74337e-05, 2.99998
5.51, 1, 1.00001, 1.00001, -6.79843e-05, -6.98138e-05, 3.00004
5.52, 1, 1.00001, 1.00001, -6.65439e-05, -6.98138e-05, 3.00004
5.53, 1, 1.00001, 1.00001, -6.51119e-05, -6.98138e-05, 3.00004
5.54, 1, 1.00001, 1.00001, -6.36886e-05, -6.98138e-05, 3.00004
5.55, 1, 1.00001, 1.00001, -6.22742e-05, -6.98138e-05, 3.00004
5.56, 1, 1.00001, 1.00001, -6.0869e-05, -6.98138e-05, 3.00004
5.57, 1, 1.00001, 1.00001, -5.94733e-05, -6.98138e-05, 3.00004
5.58, 1, 1.00001, 1.00001, -5.80871e-05, -6.98138e-05, 3.00004
5.59, 1, 1, 1.00001, -5.67109e-05, -6.98138e-05, 3.00004
5.6, 1, 1, 1.00001, -5.53448e-05, -6.98138e-05, 3.00004
5.61, 1, 1, 1, -5.36272e-05, -5.60338e-05, 3.00007
5.62, 1, 1, 1, -5.19274e-05, -5.60338e-05, 3.00007
5.63, 1, 1, 1, -5.02455e-05, -5.60338e-05, 3.00007
5.64, 1, 1, 1, -4.85817e-05, -5.60338e-05, 3.00007
5.65, 1, 1, 1, -4.69361e-05, -5.60338e-05, 3.00007
5.66, 1, 1, 1, -4.53088e-05, -5.60338e-05, 3.00007
5.67, 1, 1, 1, -4.37e-05, -5.60338e-05, 3.00007
5.68, 1, 1, 1, -4.21097e-05, -5.60338e-05, 3.00007
5.69, 1, 1, 1, -4.05382e-05, -5.60338e-05, 3.00007
5.7, 1, 0.999999, 1, -3.89855e-05, -5.60338e-05, 3.00007
5.71, 1, 0.999999, 1, -3.7298e-05, -3.97973e-05, 3.00009
5.72, 1, 0.999999, 1, -3.56327e-05, -3.97973e-05, 3.00009
5.73, 1, 0.999998, 1, -3.39894e-05, -3.97973e-05, 3.00009
5.74, 1, 0.999998, 1, -3.23684e-05, -3.97973e-05, 3.00009
5.75, 1, 0.999998, 1, -3.07695e-05, -3.97973e-05, 3.00009
5.76, 1, 0.999997, 1, -2.9193e-05, -3.97973e-05, 3.00009
5.77, 1, 0.999997, 1, -2.76387e-05, -3.97973e-05, 3.00009
5.78, 1, 0.999997, 1, -2.61067e-05, -3.97973e-05, 3.00009
5.79, 1, 0.999996, 1, -2.45971e-05, -3.97973e-05, 3.00009
5.8, 1, 0.999996, 1, -2.31099e-05, -3.97973e-05, 3.00009
5.81, 1, 0.999996, 0.999996, -2.16508e-05, -2.39045e-05, 3.00009
5.82, 1, 0.999996, 0.999996, -2.02139e-05, -2.39045e-05, 3.00009
5.83, 1, 0.999996, 0.999996, -1.87992e-05, -2.39045e-05, 3.00009
5.84, 1, 0.999995, 0.999996, -1.74068e-05, -2.39045e-05, 3.00009
5.85, 1, 0.999995, 0.999996, -1.60366e-05, -2.39045e-05, 3.00009
5.86, 1, 0.999995, 0.999996, -1.46886e-05, -2.39045e-05, 3.00009
5.87, 1, 0.999995, 0.999996, -1.33627e-05, -2.39045e-05, 3.00009
5.88, 1, 0.999995, 0.999996, -1.2059e-05, -2.39045e-05, 3.00009
5.89, 1, 0.999995, 0.999996, -1.07773e-05, -2.39045e-05, 3.00009
5.9, 1, 0.999994, 0.999996, -9.51759e-06, -2.39045e-05, 3.00009
5.91, 1, 0.999994, 0.999995, -8.39241e-06, -1.02027e-05, 3.00008
5.92, 1, 0.999994, 0.999995, -7.28688e-06, -1.02027e-05, 3.00008
5.93, 1, 0.999994, 0.999995, -6.20095e-06, -1.02027e-05, 3.00008
5.94, 1, 0.999994, 0.999995, -5.13454e-06, -1.02027e-05, 3.00008
5.95, 1, 0.999994, 0.999995, -4.0876e-06, -1.02027e-05, 3.00008
5.96, 1, 0.999994, 0.999995, -3.06007e-06, -1.02027e-05, 3.00008
5.97, 1, 0.999994, 0.999995, -2.05185e-06, -1.02027e-05, 3.00008
5.98, 1, 0.999994, 0.999995, -1.06288e-06, -1.02027e-05, 3.00008
5.99, 1, 0.999994, 0.999995, -9.308e-08, -1.02027e-05, 3.00008
6, 1, 0.999994, 0.999995, 8.57647e-07, -1.02027e-05, 3.00008
6.01, 1, 0.999994, 0.999994, 1.61859e-06, 3.30964e-07, 3.00006
6.02, 1, 0.999994, 0.999994, 2.36406e-06, 3.30964e-07, 3.00006
6.03, 1, 0.999994, 0.999994, 3.09413e-06, 3.30964e-07, 3.00006
6.04, 1, 0.999994, 0.999994, 3.80889e-06, 3.30964e-07, 3.00006
6.05, 1, 0.999994, 0.999994, 4.50842e-06, 3.30964e-07, 3.00006
6.06, 1, 0.999994, 0.999994, 5.19283e-06, 3.30964e-07, 3.00006
6.07, 1, 0.999994, 0.999994, 5.86219e-06, 3.30964e-07, 3.00006
6.08, 1, 0.999994, 0.999994, 6.51661e-06, 3.30964e-07, 3.00006
6.09, 1, 0.999994, 0.999994, 7.15618e-06, 3.30964e-07, 3.00006
6.1, 1, 0.999994, 0.999994, 7.78101e-06, 3.30964e-07, 3.00006
6.11, 1, 0.999995, 0.999994, 8.20205e-06, 7.42624e-06, 3.00004
6.12, 1, 0.999995, 0.999994, 8.61234e-06, 7.42624e-06, 3.00004
6.13, 1, 0.999995, 0.999994, 9.01196e-06, 7.42624e-06, 3.00004
6.14, 1, 0.999995, 0.999994, 9.40101e-06, 7.42624e-06, 3.00004
6.15, 1, 0.999995, 0.999994, 9.77958e-06, 7.42624e-06, 3.00004
6.16, 1, 0.999995, 0.999994, 1.01477e-05, 7.42624e-06, 3.00004
6.17, 1, 0.999995, 0.999994, 1.05056e-05, 7.42624e-06, 3.00004
6.18, 1, 0.999995, 0.999994, 1.08533e-05, 7.42624e-06, 3.00004
6.19, 1, 0.999995, 0.999994, 1.11909e-05, 7.42624e-06, 3.00004
6.2, 1, 0.999995, 0.999994, 1.15184e-05, 7.42624e-06, 3.00004
6.21, 1, 0.999996, 0.999995, 1.16578e-05, 1.13236e-05, 3.00002
6.22, 1, 0.999996, 0.999995, 1.17909e-05, 1.13236e-05, 3.00002
6.23, 1, 0.999996, 0.999995, 1.19179e-05, 1.13236e-05, 3.00002
6.24, 1, 0.999996, 0.999995, 1.20388e-05, 1.13236e-05, 3.00002
6.25, 1, 0.999996, 0.999995, 1.21537e-05, 1.13236e-05, 3.00002
6.26, 1, 0.999996, 0.999995, 1.22627e-05, 1.13236e-05, 3.00002
6.27, 1, 0.999996, 0.999995, 1.23659e-05, 1.13236e-05, 3.00002
6.28, 1, 0.999996, 0.999995, 1.24633e-05, 1.13236e-05, 3.00002
6.29, 1, 0.999996, 0.999995, 1.25551e-05, 1.13236e-05, 3.00002
6.3, 1, 0.999997, 0.999995, 1.26413e-05, 1.13236e-05, 3.00002
6.31, 1, 0.999997, 0.999997, 1.2573e-05, 1.25786e-05, 3.00001
6.32, 1, 0.999997, 0.999997, 1.25023e-05, 1.25786e-05, 3.00001
6.33, 1, 0.999997, 0.999997, 1.24292e-05, 1.25786e-05, 3.00001
6.34, 1, 0.999997, 0.999997, 1.23538e-05, 1.25786e-05, 3.00001
6.35, 1, 0.999997, 0.999997, 1.22762e-05, 1.25786e-05, 3.00001
6.36, 1, 0.999997, 0.999997, 1.21965e-05, 1.25786e-05, 3.00001
6.37, 1, 0.999997, 0.999997, 1.21146e-05, 1.25786e-05, 3.00001
6.38, 1, 0.999998, 0.999997, 1.20308e-05, 1.25786e-05, 3.00001
6.39, 1, 0.999998, 0.999997, 1.1945e-05, 1.25786e-05, 3.00001
6.4, 1, 0.999998, 0.999997, 1.18573e-05, 1.25786e-05, 3.00001
6.41, 1, 0.999998, 0.999998, 1.16568e-05, 1.18916e-05, 3
6.42, 1, 0.999998, 0.999998, 1.14568e-05, 1.18916e-05, 3
6.43, 1, 0.999998, 0.999998, 1.12573e-05, 1.18916e-05, 3
6.44, 1, 0.999998, 0.999998, 1.10583e-05, 1.18916e-05, 3
6.45, 1, 0.999998, 0.999998, 1.08599e-05, 1.18916e-05, 3
6.46, 1, 0.999999, 0.999998, 1.06622e-05, 1.18916e-05, 3
6.47, 1, 0.999999, 0.999998, 1.04652e-05, 1.18916e-05, 3
6.48, 1, 0.999999, 0.999998, 1.0269e-05, 1.18916e-05, 3
6.49, 1, 0.999999, 0.999998, 1.00735e-05, 1.18916e-05, 3
6.5, 1, 0.999999, 0.999998, 9.87882e-06, 1.18916e-05, 3
6.51, 1, 0.999999, 0.999999, 9.61348e-06, 9.97467e-06, 2.99999
6.52, 1, 0.999999, 0.999999, 9.35049e-06, 9.97467e-06, 2.99999
6.53, 1, 0.999999, 0.999999, 9.08986e-06, 9.97467e-06, 2.99999
6.54, 1, 0.999999, 0.999999, 8.83165e-06, 9.97467e-06, 2.99999
6.55, 1, 0.999999, 0.999999, 8.57587e-06, 9.97467e-06, 2.99999
6.56, 1, 0.999999, 0.999999, 8.32256e-06, 9.97467e-06, 2.99999
6.57, 1, 1, 0.999999, 8.07175e-06, 9.97467e-06, 2.99999
6.58, 1, 1, 0.999999, 7.82345e-06, 9.97467e-06, 2.99999
6.59, 1, 1, 0.999999, 7.57769e-06, 9.97467e-06, 2.99999
6.6, 1, 1, 0.999999, 7.33451e-06, 9.97467e-06, 2.99999
6.61, 1, 1, 1, 7.05776e-06, 7.46023e-06, 2.99999
6.62, 1, 1, 1, 6.78435e-06, 7.46023e-06, 2.99999
6.63, 1, 1, 1, 6.51428e-06, 7.46023e-06, 2.99999
6.64, 1, 1, 1, 6.24759e-06, 7.46023e-06, 2.99999
6.65, 1, 1, 1, 5.98427e-06, 7.46023e-06, 2.99999
6.66, 1, 1, 1, 5.72434e-06, 7.46023e-06, 2.99999
6.67, 1, 1, 1, 5.46782e-06, 7.46023e-06, 2.99999
6.68, 1, 1, 1, 5.21471e-06, 7.46023e-06, 2.99999
6.69, 1, 1, 1, 4.96502e-06, 7.46023e-06, 2.99999
6.7, 1, 1, 1, 4.71876e-06, 7.46023e-06, 2.99999
6.71, 1, 1, 1, 4.46816e-06, 4.84931e-06, 2.99999
6.72, 1, 1, 1, 4.22116e-06, 4.84931e-06, 2.99999
6.73, 1, 1, 1, 3.97776e-06, 4.84931e-06, 2.99999
6.74, 1, 1, 1, 3.73795e-06, 4.84931e-06, 2.99999
6.75, 1, 1, 1, 3.50175e-06, 4.84931e-06, 2.99999
6.76, 1, 1, 1, 3.26916e-06, 4.84931e-06, 2.99999
6.77, 1, 1, 1, 3.04016e-06, 4.84931e-06, 2.99999
6.78, 1, 1, 1, 2.81476e-06, 4.84931e-06, 2.99999
6.79, 1, 1, 1, 2.59296e-06, 4.84931e-06, 2.99999
6.8, 1, 1, 1, 2.37475e-06, 4.84931e-06, 2.99999
6.81, 1, 1, 1, 2.1725e-06, 2.49259e-06, 2.99999
6.82, 1, 1, 1, 1.97357e-06, 2.49259e-06, 2.99999
6.83, 1, 1, 1, 1.77797e-06, 2.49259e-06, 2.99999
6.84, 1, 1, 1, 1.5857e-06, 2.49259e-06, 2.99999
6.85, 1, 1, 1, 1.39673e-06, 2.49259e-06, 2.99999
6.86, 1, 1, 1, 1.21107e-06, 2.49259e-06, 2.99999
6.87, 1, 1, 1, 1.0287e-06, 2.49259e-06, 2.99999
6.88, 1, 1, 1, 8.49615e-07, 2.49259e-06, 2.99999
6.89, 1, 1, 1, 6.73804e-07, 2.49259e-06, 2.99999
6.9, 1, 1, 1, 5.01254e-07, 2.49259e-06, 2.99999
6.91, 1, 1, 1, 3.56424e-07, 5.9608e-07, 2.99999
6.92, 1, 1, 1, 2.14341e-07, 5.9608e-07, 2.99999
6.93, 1, 1, 1, 7.49922e-08, 5.9608e-07, 2.99999
6.94, 1, 1, 1, -6.16338e-08, 5.9608e-07, 2.99999
6.95, 1, 1, 1, -1.9555e-07, 5.9608e-07, 2.99999
6.96, 1, 1, 1, -3.26769e-07, 5.9608e-07, 2.99999
6.97, 1, 1, 1, -4.55305e-07, 5.9608e-07, 2.99999
6.98, 1, 1, 1, -5.81173e-07, 5.9608e-07, 2.99999
6.99, 1, 1, 1, -7.04386e-07, 5.9608e-07, 2.99999
7, 1, 1, 1, -8.24961e-07, 5.9608e-07, 2.99999
7.01, 1, 1, 1, -9.13254e-07, -7.57292e-07, 2.99999
7.02, 1, 1, 1, -9.99534e-07, -7.57292e-07, 2.99999
7.03, 1, 1, 1, -1.08381e-06, -7.57292e-07, 2.99999
7.04, 1, 1, 1, -1.16611e-06, -7.57292e-07, 2.99999
7.05, 1, 1, 1, -1.24643e-06, -7.57292e-07, 2.99999
7.06, 1, 1, 1, -1.3248e-06, -7.57292e-07, 2.99999
7.07, 1, 1, 1, -1.40123e-06, -7.57292e-07, 2.99999
7.08, 1, 1, 1, -1.47573e-06, -7.57292e-07, 2.99999
7.09, 1, 1, 1, -1.54832e-06, -7.57292e-07, 2.99999
7.1, 1, 1, 1, -1.61901e-06, -7.57292e-07, 2.99999
7.11, 1, 1, 1, -1.6583e-06, -1.57798e-06, 3
7.12, 1, 1, 1, -1.69631e-06, -1.57798e-06, 3
7.13, 1, 1, 1, -1.73307e-06, -1.57798e-06, 3
7.14, 1, 1, 1, -1.76858e-06, -1.57798e-06, 3
7.15, 1, 1, 1, -1.80286e-06, -1.57798e-06, 3
7.16, 1, 1, 1, -1.83592e-06, -1.57798e-06, 3
7.17, 1, 1, 1, -1.86779e-06, -1.57798e-06, 3
7.18, 1, 1, 1, -1.89846e-06, -1.57798e-06, 3
7.19, 1, 1, 1, -1.92796e-06, -1.57798e-06, 3
7.2, 1, 1, 1, -1.9563e-06, -1.57798e-06, 3
7.21, 1, 1, 1, -1.95767e-06, -1.93829e-06, 3
7.22, 1, 1, 1, -1.95842e-06, -1.93829e-06, 3
7.23, 1, 1, 1, -1.95857e-06, -1.93829e-06, 3
7.24, 1, 1, 1, -1.95813e-06, -1.93829e-06, 3
7.25, 1, 1, 1, -1.95711e-06, -1.93829e-06, 3
7.26, 1, 1, 1, -1.95552e-06, -1.93829e-06, 3
7.27, 1, 1, 1, -1.95338e-06, -1.93829e-06, 3
7.28, 1, 1, 1, -1.95069e-06, -1.93829e-06, 3
7.29, 1, 1, 1, -1.94748e-06, -1.93829e-06, 3
7.3, 1, 1, 1, -1.94374e-06, -1.93829e-06, 3
7.31, 1, 1, 1, -1.91933e-06, -1.94348e-06, 3
7.32, 1, 1, 1, -1.89482e-06, -1.94348e-06, 3
7.33, 1, 1, 1, -1.87023e-06, -1.94348e-06, 3
7.34, 1, 1, 1, -1.84556e-06, -1.94348e-06, 3
7.35, 1, 1, 1, -1.82082e-06, -1.94348e-06, 3
7.36, 1, 1, 1, -1.79603e-06, -1.94348e-06, 3
7.37, 1, 1, 1, -1.77118e-06, -1.94348e-06, 3
7.38, 1, 1, 1, -1.74629e-06, -1.94348e-06, 3
7.39, 1, 1, 1, -1.72137e-06, -1.94348e-06, 3
7.4, 1, 1, 1, -1.69642e-06, -1.94348e-06, 3
7.41, 1, 1, 1, -1.6576e-06, -1.70819e-06, 3
7.42, 1, 1, 1, -1.61904e-06, -1.70819e-06, 3
7.43, 1, 1, 1, -1.58075e-06, -1.70819e-06, 3
7.44, 1, 1, 1, -1.54275e-06, -1.70819e-06, 3
7.45, 1, 1, 1, -1.50503e-06, -1.70819e-06, 3
7.46, 1, 1, 1, -1.4676e-06, -1.70819e-06, 3
7.47, 1, 1, 1, -1.43047e-06, -1.70819e-06, 3
7.48, 1, 1, 1, -1.39364e-06, -1.70819e-06, 3
7.49, 1, 1, 1, -1.35712e-06, -1.70819e-06, 3
7.5, 1, 1, 1, -1.32091e-06, -1.70819e-06, 3
7.51, 1, 1, 1, -1.27711e-06, -1.33935e-06, 3
7.52, 1, 1, 1, -1.23379e-06, -1.33935e-06, 3
7.53, 1, 1, 1, -1.19095e-06, -1.33935e-06, 3
7.54, 1, 1, 1, -1.1486e-06, -1.33935e-06, 3
7.55, 1, 1, 1, -1.10674e-06, -1.33935e-06, 3
7.56, 1, 1, 1, -1.06537e-06, -1.33935e-06, 3
7.57, 1, 1, 1, -1.0245e-06, -1.33935e-06, 3
7.58, 1, 1, 1, -9.84127e-07, -1.33935e-06, 3
7.59, 1, 1, 1, -9.44253e-07, -1.33935e-06, 3
7.6, 1, 1, 1, -9.04881e-07, -1.33935e-06, 3
7.61, 1, 1, 1, -8.631e-07, -9.2557e-07, 3
7.62, 1, 1, 1, -8.21882e-07, -9.2557e-07, 3
7.63, 1, 1, 1, -7.8123e-07, -9.2557e-07, 3
7.64, 1, 1, 1, -7.41145e-07, -9.2557e-07, 3
7.65, 1, 1, 1, -7.01626e-07, -9.2557e-07, 3
7.66, 1, 1, 1, -6.62676e-07, -9.2557e-07, 3
7.67, 1, 1, 1, -6.24295e-07, -9.2557e-07, 3
7.68, 1, 1, 1, -5.86482e-07, -9.2557e-07, 3
7.69, 1, 1, 1, -5.49238e-07, -9.2557e-07, 3
7.7, 1, 1, 1, -5.12563e-07, -9.2557e-07, 3
7.71, 1, 1, 1, -4.77274e-07, -5.3223e-07, 3
7.72, 1, 1, 1, -4.42537e-07, -5.3223e-07, 3
7.73, 1, 1, 1, -4.08351e-07, -5.3223e-07, 3
7.74, 1, 1, 1, -3.74716e-07, -5.3223e-07, 3
7.75, 1, 1, 1, -3.41632e-07, -5.3223e-07, 3
7.76, 1, 1, 1, -3.09097e-07, -5.3223e-07, 3
7.77, 1, 1, 1, -2.7711e-07, -5.3223e-07, 3
7.78, 1, 1, 1, -2.4567e-07, -5.3223e-07, 3
7.79, 1, 1, 1, -2.14775e-07, -5.3223e-07, 3
7.8, 1, 1, 1, -1.84425e-07, -5.3223e-07, 3
7.81, 1, 1, 1, -1.57855e-07, -2.00987e-07, 3
7.82, 1, 1, 1, -1.31761e-07, -2.00987e-07, 3
7.83, 1, 1, 1, -1.06141e-07, -2.00987e-07, 3
7.84, 1, 1, 1, -8.09946e-08, -2.00987e-07, 3
7.85, 1, 1, 1, -5.6319e-08, -2.00987e-07, 3
7.86, 1, 1, 1, -3.21126e-08, -2.00987e-07, 3
7.87, 1, 1, 1, -8.37343e-09, -2.00987e-07, 3
7.88, 1, 1, 1, 1.49006e-08, -2.00987e-07, 3
7.89, 1, 1, 1, 3.77117e-08, -2.00987e-07, 3
7.9, 1, 1, 1, 6.0062e-08, -2.00987e-07, 3
7.91, 1, 1, 1, 7.74786e-08, 4.76311e-08, 3
7.92, 1, 1, 1, 9.45288e-08, 4.76311e-08, 3
7.93, 1, 1, 1, 1.11215e-07, 4.76311e-08, 3
7.94, 1, 1, 1, 1.27539e-07, 4.76311e-08, 3
7.95, 1, 1, 1, 1.43503e-07, 4.76311e-08, 3
7.96, 1, 1, 1, 1.59109e-07, 4.76311e-08, 3
7.97, 1, 1, 1, 1.7436e-07, 4.76311e-08, 3
7.98, 1, 1, 1, 1.89259e-07, 4.76311e-08, 3
7.99, 1, 1, 1, 2.03807e-07, 4.76311e-08, 3
8, 1, 1, 1, 2.18008e-07, 4.76311e-08, 3
8.01, 1, 1, 1, 2.271e-07, 2.09895e-07, 3
8.02, 1, 1, 1, 2.35946e-07, 2.09895e-07, 3
8.03, 1, 1, 1, 2.44546e-07, 2.09895e-07, 3
8.04, 1, 1, 1, 2.52903e-07, 2.09895e-07, 3
8.05, 1, 1, 1, 2.6102e-07, 2.09895e-07, 3
8.06, 1, 1, 1, 2.68899e-07, 2.09895e-07, 3
8.07, 1, 1, 1, 2.76541e-07, 2.09895e-07, 3
8.08, 1, 1, 1, 2.83951e-07, 2.09895e-07, 3
8.09, 1, 1, 1, 2.91129e-07, 2.09895e-07, 3
8.1, 1, 1, 1, 2.98078e-07, 2.09895e-07, 3
8.11, 1, 1, 1, 3.00429e-07, 2.93879e-07, 3
8.12, 1, 1, 1, 3.02642e-07, 2.93879e-07, 3
8.13, 1, 1, 1, 3.04722e-07, 2.93879e-07, 3
8.14, 1, 1, 1, 3.06669e-07, 2.93879e-07, 3
8.15, 1, 1, 1, 3.08486e-07, 2.93879e-07, 3
8.16, 1, 1, 1, 3.10174e-07, 2.93879e-07, 3
8.17, 1, 1, 1, 3.11736e-07, 2.93879e-07, 3
8.18, 1, 1, 1, 3.13174e-07, 2.93879e-07, 3
8.19, 1, 1, 1, 3.1449e-07, 2.93879e-07, 3
8.2, 1, 1, 1, 3.15685e-07, 2.93879e-07, 3
8.21, 1, 1, 1, 3.13189e-07, 3.14646e-07, 3
8.22, 1, 1, 1, 3.10649e-07, 3.14646e-07, 3
8.23, 1, 1, 1, 3.08065e-07, 3.14646e-07, 3
8.24, 1, 1, 1, 3.0544e-07, 3.14646e-07, 3
8.25, 1, 1, 1, 3.02776e-07, 3.14646e-07, 3
8.26, 1, 1, 1, 3.00072e-07, 3.14646e-07, 3
8.27, 1, 1, 1, 2.97332e-07, 3.14646e-07, 3
8.28, 1, 1, 1, 2.94557e-07, 3.14646e-07, 3
8.29, 1, 1, 1, 2.91748e-07, 3.14646e-07, 3
8.3, 1, 1, 1, 2.88907e-07, 3.14646e-07, 3
8.31, 1, 1, 1, 2.83442e-07, 2.90133e-07, 3
8.32, 1, 1, 1, 2.77999e-07, 2.90133e-07, 3
8.33, 1, 1, 1, 2.7258e-07, 2.90133e-07, 3
8.34, 1, 1, 1, 2.67186e-07, 2.90133e-07, 3
8.35, 1, 1, 1, 2.61818e-07, 2.90133e-07, 3
8.36, 1, 1, 1, 2.56478e-07, 2.90133e-07, 3
8.37, 1, 1, 1, 2.51166e-07, 2.90133e-07, 3
8.38, 1, 1, 1, 2.45883e-07, 2.90133e-07, 3
8.39, 1, 1, 1, 2.4063e-07, 2.90133e-07, 3
8.4, 1, 1, 1, 2.35409e-07, 2.90133e-07, 3
8.41, 1, 1, 1, 2.28606e-07, 2.38014e-07, 3
8.42, 1, 1, 1, 2.21868e-07, 2.38014e-07, 3
8.43, 1, 1, 1, 2.15197e-07, 2.38014e-07, 3
8.44, 1, 1, 1, 2.08593e-07, 2.38014e-07, 3
8.45, 1, 1, 1, 2.02056e-07, 2.38014e-07, 3
8.46, 1, 1, 1, 1.95588e-07, 2.38014e-07, 3
8.47, 1, 1, 1, 1.89188e-07, 2.38014e-07, 3
8.48, 1, 1, 1, 1.82857e-07, 2.38014e-07, 3
8.49, 1, 1, 1, 1.76597e-07, 2.38014e-07, 3
8.5, 1, 1, 1, 1.70406e-07, 2.38014e-07, 3
8.51, 1, 1, 1, 1.63533e-07, 1.73626e-07, 3
8.52, 1, 1, 1, 1.56747e-07, 1.73626e-07, 3
8.53, 1, 1, 1, 1.50047e-07, 1.73626e-07, 3
8.54, 1, 1, 1, 1.43434e-07, 1.73626e-07, 3
8.55, 1, 1, 1, 1.36908e-07, 1.73626e-07, 3
8.56, 1, 1, 1, 1.3047e-07, 1.73626e-07, 3
8.57, 1, 1, 1, 1.24119e-07, 1.73626e-07, 3
8.58, 1, 1, 1, 1.17857e-07, 1.73626e-07, 3
8.59, 1, 1, 1, 1.11682e-07, 1.73626e-07, 3
8.6, 1, 1, 1, 1.05596e-07, 1.73626e-07, 3
8.61, 1, 1, 1, 9.95178e-08, 1.08835e-07, 3
8.62, 1, 1, 1, 9.35298e-08, 1.08835e-07, 3
8.63, 1, 1, 1, 8.76317e-08, 1.08835e-07, 3
8.64, 1, 1, 1, 8.18235e-08, 1.08835e-07, 3
8.65, 1, 1, 1, 7.61052e-08, 1.08835e-07, 3
8.66, 1, 1, 1, 7.04767e-08, 1.08835e-07, 3
8.67, 1, 1, 1, 6.49379e-08, 1.08835e-07, 3
8.68, 1, 1, 1, 5.94888e-08, 1.08835e-07, 3
8.69, 1, 1, 1, 5.41292e-08, 1.08835e-07, 3
8.7, 1, 1, 1, 4.88589e-08, 1.08835e-07, 3
8.71, 1, 1, 1, 4.40634e-08, 5.17149e-08, 3
8.72, 1, 1, 1, 3.93491e-08, 5.17149e-08, 3
8.73, 1, 1, 1, 3.47159e-08, 5.17149e-08, 3
8.74, 1, 1, 1, 3.01635e-08, 5.17149e-08, 3
8.75, 1, 1, 1, 2.56918e-08, 5.17149e-08, 3
8.76, 1, 1, 1, 2.13004e-08, 5.17149e-08, 3
8.77, 1, 1, 1, 1.69892e-08, 5.17149e-08, 3
8.78, 1, 1, 1, 1.27578e-08, 5.17149e-08, 3
8.79, 1, 1, 1, 8.60594e-09, 5.17149e-08, 3
8.8, 1, 1, 1, 4.53329e-09, 5.17149e-08, 3
8.81, 1, 1, 1, 1.19222e-09, 6.78003e-09, 3
8.82, 1, 1, 1, -2.08339e-09, 6.78003e-09, 3
8.83, 1, 1, 1, -5.29384e-09, 6.78003e-09, 3
8.84, 1, 1, 1, -8.43946e-09, 6.78003e-09, 3
8.85, 1, 1, 1, -1.15206e-08, 6.78003e-09, 3
8.86, 1, 1, 1, -1.45375e-08, 6.78003e-09, 3
8.87, 1, 1, 1, -1.74907e-08, 6.78003e-09, 3
8.88, 1, 1, 1, -2.03805e-08, 6.78003e-09, 3
8.89, 1, 1, 1, -2.32072e-08, 6.78003e-09, 3
8.9, 1, 1, 1, -2.59712e-08, 6.78003e-09, 3
8.91, 1, 1, 1, -2.79198e-08, -2.44116e-08, 3
8.92, 1, 1, 1, -2.98216e-08, -2.44116e-08, 3
8.93, 1, 1, 1, -3.1677e-08, -2.44116e-08, 3
8.94, 1, 1, 1, -3.34863e-08, -2.44116e-08, 3
8.95, 1, 1, 1, -3.525e-08, -2.44116e-08, 3
8.96, 1, 1, 1, -3.69683e-08, -2.44116e-08, 3
8.97, 1, 1, 1, -3.86417e-08, -2.44116e-08, 3
8.98, 1, 1, 1, -4.02706e-08, -2.44116e-08, 3
8.99, 1, 1, 1, -4.18552e-08, -2.44116e-08, 3
9, 1, 1, 1, -4.33961e-08, -2.44116e-08, 3
9.01, 1, 1, 1, -4.41648e-08, -4.24921e-08, 3
9.02, 1, 1, 1, -4.49051e-08, -4.24921e-08, 3
9.03, 1, 1, 1, -4.56174e-08, -4.24921e-08, 3
9.04, 1, 1, 1, -4.63019e-08, -4.24921e-08, 3
9.05, 1, 1, 1, -4.6959e-08, -4.24921e-08, 3
9.06, 1, 1, 1, -4.75892e-08, -4.24921e-08, 3
9.07, 1, 1, 1, -4.81926e-08, -4.24921e-08, 3
9.08, 1, 1, 1, -4.87697e-08, -4.24921e-08, 3
9.09, 1, 1, 1, -4.93207e-08, -4.24921e-08, 3
9.1, 1, 1, 1, -4.98462e-08, -4.24921e-08, 3
9.11, 1, 1, 1, -4.97233e-08, -4.9496e-08, 3
9.12, 1, 1, 1, -4.9588e-08, -4.9496e-08, 3
9.13, 1, 1, 1, -4.94404e-08, -4.9496e-08, 3
9.14, 1, 1, 1, -4.92809e-08, -4.9496e-08, 3
9.15, 1, 1, 1, -4.91098e-08, -4.9496e-08, 3
9.16, 1, 1, 1, -4.89273e-08, -4.9496e-08, 3
9.17, 1, 1, 1, -4.87337e-08, -4.9496e-08, 3
9.18, 1, 1, 1, -4.85294e-08, -4.9496e-08, 3
9.19, 1, 1, 1, -4.83145e-08, -4.9496e-08, 3
9.2, 1, 1, 1, -4.80893e-08, -4.9496e-08, 3
9.21, 1, 1, 1, -4.73791e-08, -4.81563e-08, 3
9.22, 1, 1, 1, -4.66686e-08, -4.81563e-08, 3
9.23, 1, 1, 1, -4.59582e-08, -4.81563e-08, 3
9.24, 1, 1, 1, -4.5248e-08, -4.81563e-08, 3
9.25, 1, 1, 1, -4.45381e-08, -4.81563e-08, 3
9.26, 1, 1, 1, -4.38289e-08, -4.81563e-08, 3
9.27, 1, 1, 1, -4.31206e-08, -4.81563e-08, 3
9.28, 1, 1, 1, -4.24132e-08, -4.81563e-08, 3
9.29, 1, 1, 1, -4.17071e-08, -4.81563e-08, 3
9.3, 1, 1, 1, -4.10023e-08, -4.81563e-08, 3
9.31, 1, 1, 1, -3.99823e-08, -4.1343e-08, 3
9.32, 1, 1, 1, -3.89704e-08, -4.1343e-08, 3
9.33, 1, 1, 1, -3.79667e-08, -4.1343e-08, 3
9.34, 1, 1, 1, -3.69715e-08, -4.1343e-08, 3
9.35, 1, 1, 1, -3.59847e-08, -4.1343e-08, 3
9.36, 1, 1, 1, -3.50066e-08, -4.1343e-08, 3
9.37, 1, 1, 1, -3.40372e-08, -4.1343e-08, 3
9.38, 1, 1, 1, -3.30767e-08, -4.1343e-08, 3
9.39, 1, 1, 1, -3.21253e-08, -4.1343e-08, 3
9.4, 1, 1, 1, -3.11829e-08, -4.1343e-08, 3
9.41, 1, 1, 1, -3.00787e-08, -3.16667e-08, 3
9.42, 1, 1, 1, -2.89871e-08, -3.16667e-08, 3
9.43, 1, 1, 1, -2.79084e-08, -3.16667e-08, 3
9.44, 1, 1, 1, -2.68426e-08, -3.16667e-08, 3
9.45, 1, 1, 1, -2.57897e-08, -3.16667e-08, 3
9.46, 1, 1, 1, -2.47499e-08, -3.16667e-08, 3
9.47, 1, 1, 1, -2.37231e-08, -3.16667e-08, 3
9.48, 1, 1, 1, -2.27094e-08, -3.16667e-08, 3
9.49, 1, 1, 1, -2.17088e-08, -3.16667e-08, 3
9.5, 1, 1, 1, -2.07215e-08, -3.16667e-08, 3
9.51, 1, 1, 1, -1.96958e-08, -2.12427e-08, 3
9.52, 1, 1, 1, -1.86843e-08, -2.12427e-08, 3
9.53, 1, 1, 1, -1.76873e-08, -2.12427e-08, 3
9.54, 1, 1, 1, -1.67045e-08, -2.12427e-08, 3
9.55, 1, 1, 1, -1.57361e-08, -2.12427e-08, 3
9.56, 1, 1, 1, -1.4782e-08, -2.12427e-08, 3
9.57, 1, 1, 1, -1.38424e-08, -2.12427e-08, 3
9.58, 1, 1, 1, -1.2917e-08, -2.12427e-08, 3
9.59, 1, 1, 1, -1.2006e-08, -2.12427e-08, 3
9.6, 1, 1, 1, -1.11094e-08, -2.12427e-08, 3
9.61, 1, 1, 1, -1.02626e-08, -1.1592e-08, 3
9.62, 1, 1, 1, -9.42937e-09, -1.1592e-08, 3
9.63, 1, 1, 1, -8.60973e-09, -1.1592e-08, 3
9.64, 1, 1, 1, -7.80365e-09, -1.1592e-08, 3
9.65, 1, 1, 1, -7.01112e-09, -1.1592e-08, 3
9.66, 1, 1, 1, -6.23209e-09, -1.1592e-08, 3
9.67, 1, 1, 1, -5.46654e-09, -1.1592e-08, 3
9.68, 1, 1, 1, -4.71444e-09, -1.1592e-08, 3
9.69, 1, 1, 1, -3.97573e-09, -1.1592e-08, 3
9.7, 1, 1, 1, -3.25039e-09, -1.1592e-08, 3
9.71, 1, 1, 1, -2.62832e-09, -3.6476e-09, 3
9.72, 1, 1, 1, -2.01771e-09, -3.6476e-09, 3
9.73, 1, 1, 1, -1.41854e-09, -3.6476e-09, 3
9.74, 1, 1, 1, -8.30734e-10, -3.6476e-09, 3
9.75, 1, 1, 1, -2.54264e-10, -3.6476e-09, 3
9.76, 1, 1, 1, 3.10927e-10, -3.6476e-09, 3
9.77, 1, 1, 1, 8.6489e-10, -3.6476e-09, 3
9.78, 1, 1, 1, 1.40768e-09, -3.6476e-09, 3
9.79, 1, 1, 1, 1.93936e-09, -3.6476e-09, 3
9.8, 1, 1, 1, 2.45997e-09, -3.6476e-09, 3
9.81, 1, 1, 1, 2.85385e-09, 2.16914e-09, 3
9.82, 1, 1, 1, 3.23911e-09, 2.16914e-09, 3
9.83, 1, 1, 1, 3.61581e-09, 2.16914e-09, 3
9.84, 1, 1, 1, 3.984e-09, 2.16914e-09, 3
9.85, 1, 1, 1, 4.34374e-09, 2.16914e-09, 3
9.86, 1, 1, 1, 4.6951e-09, 2.16914e-09, 3
9.87, 1, 1, 1, 5.03812e-09, 2.16914e-09, 3
9.88, 1, 1, 1, 5.37288e-09, 2.16914e-09, 3
9.89, 1, 1, 1, 5.69943e-09, 2.16914e-09, 3
9.9, 1, 1, 1, 6.01783e-09, 2.16914e-09, 3
9.91, 1, 1, 1, 6.20918e-09, 5.83456e-09, 3
9.92, 1, 1, 1, 6.39489e-09, 5.83456e-09, 3
9.93, 1, 1, 1, 6.57503e-09, 5.83456e-09, 3
9.94, 1, 1, 1, 6.74965e-09, 5.83456e-09, 3
9.95, 1, 1, 1, 6.9188e-09, 5.83456e-09, 3
9.96, 1, 1, 1, 7.08254e-09, 5.83456e-09, 3
9.97, 1, 1, 1, 7.24093e-09, 5.83456e-09, 3
9.98, 1, 1, 1, 7.39403e-09, 5.83456e-09, 3
9.99, 1, 1, 1, 7.5419e-09, 5.83456e-09, 3
10, 1, 1, 1, 7.68459e-09, 5.83456e-09, 3
